period,days,volumeUSD_mean,volumeUSD_median,v3_share_mean
post,31,20209686.334771167,79495.16447296308,0.8825146013165491
pre,30,24378166.779072642,74448.12758045344,0.8745236812746167
