venue_type,count,mean,median,std,p1,p99
CEX,15817,-0.0008536359897748327,-0.0001193027216199738,0.04327422238664798,-0.11449037400391518,0.12527800599000485
DEX,0,,,,,
