period,days,volumeUSD_mean,volumeUSD_median,v3_share_mean
post,31,32170617.37899033,657512.7224750237,0.5256486956113221
pre,30,20327154.923486814,2031472.3418598943,0.0
