,volumeUSD,volumeUSD,volumeUSD,volumeUSD,volumeUSD,volumeUSD
,count,median,mean,std,min,max
venue_type,,,,,,
CEX,15817,1900.747146705,158811175.09076485,452173767.7465432,0.056547400000000005,11485131963.27123
DEX,52093,274847.337375297,27932591.703869738,111397685.86532354,0.0,2635120186.3374524
