model,term,estimate,std_err,p,nobs,r2
rob_excl_fe_logvol_v3share_dex,v3_share_filled,1.0373798688802813,0.47225647253360514,0.028045802194890803,30777,0.2974120039106859
rob_gaslog_fe_logvol_v3share_dex,v3_share_filled,1.211408196386805,0.3465753444504318,0.0004734094314371348,39987,0.34844684221498623
rob_gasplus_fe_logvol_v3share_dex,v3_share_filled,1.2150364480058973,0.3475131143105574,0.00047162396121455555,39987,0.34791809812049024
rob_placebo_did_logvol,is_dex:post_fake,-1.766843100330124,0.43481280121069144,4.835124262861621e-05,55804,0.49362229121602896
rob_v3ex100_fe_logvol_dex,v3_share_excl100,-0.1343504554177129,0.6869623487281391,0.8449453430743471,39979,0.35186193288809475
rob_winsor_fe_absret_v3share_cex,v3_share_filled,0.0021134423470237397,0.0026270763463284957,0.42111718537356324,15766,0.39611900093080865
rob_winsor_fe_logvol_v3share_dex,v3_share_filled,1.2186212538478185,0.3520304111932986,0.0005367888400191568,39987,0.3544735200613831
